label,laplacian,gradient,moire,texture
real,514.26,47.29,6.426,5.819
real,486.06,45.69,6.364,5.778
real,285.40,38.79,6.265,5.769
real,310.49,32.36,5.532,5.179
real,345.39,35.81,6.080,5.665
real,427.37,49.67,6.333,5.915
real,340.97,43.67,6.086,5.771
real,297.54,39.31,6.142,5.502
real,241.61,38.76,6.089,5.412
real,269.68,41.87,6.077,5.656
real,278.91,35.01,5.598,5.332
real,348.67,34.06,5.915,5.704
real,177.84,34.95,5.625,5.297
real,243.21,36.41,6.066,5.352
real,288.85,37.69,5.796,5.510
real,347.10,37.98,5.930,5.531
real,370.84,41.89,6.128,5.664
real,142.13,31.84,5.670,5.255
real,190.33,32.51,6.011,5.246
real,335.66,32.65,5.651,5.467
real,350.40,32.75,5.886,5.547
real,195.40,34.64,5.589,5.424
real,593.30,54.01,6.588,5.791
real,385.69,40.45,6.319,5.862
real,518.53,40.69,6.142,5.667
real,493.91,44.45,6.410,5.713
real,481.52,50.44,6.479,6.234
real,374.89,48.50,6.374,5.851
real,358.85,46.65,6.428,5.815
real,351.85,47.89,6.261,5.768
real,407.70,49.26,6.387,5.923
real,390.26,47.61,6.343,5.785
real,315.46,36.42,6.143,5.672
real,391.61,47.65,6.390,5.767
real,385.58,41.75,6.347,5.791
real,530.24,49.08,6.594,5.819
real,488.69,54.08,6.485,5.895
real,244.48,45.78,5.970,5.692
real,646.76,55.54,6.588,6.089
real,1052.52,70.51,6.914,6.049
real,1040.48,71.95,6.908,6.059
real,1041.61,72.18,6.924,6.099
real,1061.43,72.53,6.935,6.154
real,990.39,68.75,6.800,5.931
real,913.26,64.09,6.804,6.065
real,843.92,69.70,6.713,6.014
real,1000.35,69.73,6.843,6.057
real,734.07,61.03,6.465,5.716
real,780.80,69.05,6.633,5.995
real,994.57,66.47,6.708,5.912
real,840.72,57.23,6.618,5.967
real,946.59,60.37,6.807,6.087
real,1150.96,63.18,6.947,6.173
real,710.85,60.91,6.710,6.069
real,476.55,50.58,6.294,5.866
real,502.66,57.09,6.319,5.879
real,982.77,68.29,6.985,6.281
real,675.94,65.08,6.594,5.995
real,600.43,57.31,6.409,5.904
real,935.43,64.52,6.762,6.140
real,993.86,65.76,6.803,6.189
real,754.06,62.09,6.693,6.036
real,781.67,63.11,6.744,6.063
real,1201.63,69.61,6.968,6.221
real,1201.63,69.61,6.968,6.221
real,802.16,64.53,6.755,6.059
real,1170.15,69.87,6.945,6.228
real,1121.51,71.61,6.958,6.192
real,1124.73,71.43,6.969,6.206
real,1143.53,71.08,6.970,6.199
real,1148.62,71.06,6.981,6.194
real,1002.09,69.18,6.872,6.144
real,875.01,65.23,6.723,6.060
real,676.42,62.16,6.497,6.007
real,821.40,62.16,6.813,6.262
real,978.73,68.06,6.912,6.293
real,875.32,66.11,6.843,6.181
real,1064.74,67.13,6.962,6.222
real,827.80,64.91,6.737,6.068
real,796.90,52.52,6.484,5.846
real,738.21,51.92,6.476,5.634
real,640.59,55.89,6.518,6.118
real,611.58,39.77,6.251,5.937
real,491.22,37.83,6.251,5.975
real,315.68,39.83,6.154,5.796
real,379.90,41.88,6.154,5.902
real,334.62,41.85,6.176,5.930
real,425.32,41.99,6.156,5.845
real,309.16,40.56,6.125,5.893
real,307.84,40.15,6.119,5.879
real,316.60,40.26,6.162,5.893
real,446.64,39.78,6.330,6.139
real,514.36,43.78,6.072,5.838
real,610.56,47.68,6.287,5.767
real,503.19,47.92,6.430,5.834
real,494.67,47.72,6.390,5.846
real,565.46,49.02,6.435,5.881
real,572.30,48.94,6.427,5.913
real,568.18,48.22,6.430,5.839
real,473.33,44.91,6.234,5.671
real,217.20,39.45,5.919,5.643
real,258.46,37.72,5.695,5.451
real,408.77,34.26,5.420,5.437
real,506.87,37.10,5.704,5.357
real,522.48,39.14,5.955,5.597
real,573.84,38.05,6.056,5.513
real,540.76,38.52,5.961,5.608
real,447.10,38.52,5.762,5.519
real,396.81,41.65,5.699,5.547
real,496.92,45.85,6.270,5.818
real,500.92,50.16,6.436,5.896
real,521.74,50.10,6.444,5.880
real,562.14,50.44,6.517,5.939
real,549.71,50.63,6.519,5.884
real,553.26,50.42,6.511,5.908
real,527.94,49.48,6.487,5.872
real,548.80,49.90,6.495,5.869
real,528.78,49.54,6.456,5.910
real,342.70,40.62,5.870,5.594
real,567.12,41.57,6.095,5.704
real,697.10,44.00,6.321,5.957
real,751.89,46.98,6.424,6.006
real,764.87,48.30,6.484,5.984
real,778.75,48.44,6.521,6.014
real,786.84,48.42,6.518,6.039
real,604.91,58.59,6.523,6.169
real,588.50,56.37,6.407,6.059
real,534.18,57.33,6.503,6.159
real,623.51,59.21,6.624,6.216
real,632.50,59.83,6.643,6.224
real,623.88,60.27,6.635,6.228
real,633.24,60.32,6.641,6.205
real,627.73,60.39,6.625,6.225
real,257.85,47.13,5.957,5.783
real,480.38,59.38,6.514,6.220
real,485.81,57.26,6.503,6.234
real,488.20,57.77,6.512,6.188
real,481.45,57.61,6.480,6.159
real,476.41,57.53,6.469,6.174
real,472.99,57.12,6.463,6.136
real,434.32,56.04,6.359,6.138
real,672.29,62.61,6.648,6.249
real,397.32,56.52,6.461,6.194
real,398.17,57.01,6.482,6.205
real,405.63,57.38,6.486,6.200
real,409.48,57.75,6.483,6.189
real,443.84,58.25,6.519,6.158
real,451.96,57.92,6.512,6.197
real,466.68,48.93,6.364,6.049
real,521.52,40.42,6.184,5.704
real,176.74,38.04,5.551,5.511
real,306.21,40.22,6.197,5.767
real,334.93,41.26,6.299,5.799
real,215.95,40.02,5.711,5.446
real,348.65,45.78,5.999,5.767
real,474.48,44.18,6.089,5.743
real,524.40,44.04,6.190,5.851
real,354.01,43.06,6.155,5.916
real,335.99,41.79,6.096,5.922
real,484.33,49.23,6.266,5.958
real,356.86,48.72,6.126,5.939
real,368.09,53.52,6.304,6.009
real,338.90,50.27,6.232,5.877
real,279.77,45.46,6.010,5.526
real,335.18,42.88,6.306,5.695
real,302.17,41.96,6.189,5.576
real,423.72,47.70,6.060,5.825
real,466.71,50.43,6.275,6.002
real,324.90,44.59,6.290,5.779
real,290.55,36.85,6.199,5.695
real,256.44,37.74,6.199,5.714
real,304.20,39.50,6.271,5.721
real,293.57,37.80,6.224,5.734
real,334.29,46.22,6.271,5.845
real,371.82,46.34,6.187,5.836
real,391.43,46.78,6.415,5.995
real,464.95,49.99,6.472,5.969
real,456.65,49.91,6.459,5.920
real,456.04,49.76,6.473,5.974
real,449.53,49.68,6.472,5.972
real,449.75,49.60,6.476,5.998
real,668.81,57.48,6.455,5.841
real,541.00,54.79,6.337,5.827
real,547.62,55.47,6.405,5.838
real,552.54,55.60,6.418,5.898
real,569.74,56.14,6.456,5.872
real,466.39,54.83,6.366,5.818
real,464.45,54.99,6.373,5.813
real,461.64,54.55,6.378,5.835
real,467.65,54.71,6.409,5.824
real,467.59,54.96,6.417,5.861
real,470.54,55.05,6.334,5.780
real,291.91,42.65,5.780,5.253
real,437.00,45.12,6.137,5.457
real,523.64,47.77,6.405,5.681
real,508.83,48.08,6.379,5.713
real,382.32,42.12,6.071,5.284
real,397.07,37.86,5.428,5.150
real,464.31,37.47,5.482,5.166
real,532.41,41.00,5.879,5.402
real,547.85,43.48,6.045,5.552
real,432.94,55.06,6.091,5.640
real,497.51,59.28,6.449,5.921
real,515.28,58.21,6.552,5.901
real,626.79,62.22,6.533,5.938
real,447.90,49.27,6.141,5.628
real,463.80,47.06,6.106,5.565
real,714.95,50.56,6.324,5.796
real,927.41,57.50,6.551,5.843
real,901.02,55.70,6.593,5.858
real,881.35,57.14,6.615,5.883
real,884.22,59.27,6.556,5.847
real,850.21,57.77,6.498,5.828
real,434.19,38.09,5.880,5.737
real,395.26,38.50,5.959,5.715
real,386.63,38.96,6.007,5.728
real,620.33,46.68,6.313,5.823
real,616.61,46.44,6.275,5.811
real,601.20,45.34,6.232,5.805
real,419.89,39.80,6.030,5.793
real,401.53,39.35,5.990,5.711
real,631.84,47.99,6.266,5.861
real,609.33,47.73,6.259,5.830
real,603.22,46.66,6.228,5.823
real,331.43,41.29,6.134,5.768
real,366.27,41.40,6.113,5.817
real,601.32,52.25,6.528,6.053
real,620.34,53.26,6.563,6.107
real,254.22,38.26,6.030,5.842
real,263.80,42.42,5.895,5.730
real,357.67,41.71,6.272,5.869
real,287.12,43.42,6.201,5.836
real,283.22,44.20,6.185,5.821
real,295.10,43.29,6.138,5.656
real,296.65,43.96,6.164,5.752
real,297.23,44.05,5.944,5.654
real,632.35,51.19,6.354,5.886
real,491.99,45.39,6.155,5.838
real,493.36,43.74,6.142,5.794
real,611.65,43.30,6.159,5.723
real,610.66,42.09,6.138,5.756
real,620.84,42.46,6.168,5.756
real,609.16,41.25,6.141,5.795
real,607.77,41.16,6.139,5.708
real,284.91,42.37,5.858,5.689
real,235.43,43.29,6.018,5.833
real,595.63,52.94,6.421,5.972
real,591.78,52.63,6.413,5.935
real,530.23,56.68,6.548,5.943
real,473.56,54.10,6.506,5.725
real,640.21,54.59,6.666,5.578
real,504.13,56.57,6.597,5.788
real,511.71,57.28,6.551,5.976
real,537.87,53.25,6.433,5.875
real,582.16,55.48,6.454,5.872
real,482.39,55.93,6.518,5.956
real,473.05,55.81,6.515,5.986
real,406.35,54.49,6.379,5.911
real,300.50,49.73,6.065,5.755
real,410.49,50.15,6.224,5.662
real,316.28,46.66,5.841,5.552
real,314.06,46.49,5.863,5.617
real,298.79,48.51,6.104,5.813
real,423.60,51.50,6.117,5.728
real,418.47,49.46,5.976,5.610
real,563.24,53.94,6.536,5.954
real,502.47,53.52,6.369,5.838
real,361.16,50.60,6.237,5.872
spoof,251.88,47.61,5.995,5.774
spoof,210.49,36.40,5.837,5.718
spoof,419.20,47.65,6.246,5.902
spoof,263.77,42.13,5.948,5.803
spoof,531.49,55.05,6.224,5.880
spoof,467.47,53.77,6.188,5.871
spoof,444.60,55.68,6.064,5.872
spoof,404.68,43.99,5.857,5.776
spoof,418.03,52.17,6.232,5.860
spoof,373.62,48.92,6.039,5.928
spoof,594.84,47.69,6.061,5.847
spoof,382.90,37.72,5.955,5.749
spoof,534.61,42.20,5.882,5.830
spoof,192.56,29.96,5.707,5.477
spoof,652.25,53.79,6.154,5.691
spoof,470.26,47.85,5.931,5.600
spoof,712.63,51.01,6.044,5.641
spoof,570.35,43.71,5.656,5.495
spoof,597.71,67.28,6.440,5.896
spoof,670.52,69.64,6.530,5.975
spoof,488.19,61.16,6.235,5.861
spoof,425.19,56.34,6.082,5.778
spoof,641.96,68.97,6.549,5.989
spoof,641.62,69.70,6.242,5.852
spoof,756.29,63.41,5.998,5.777
spoof,602.57,57.81,5.980,5.647
spoof,498.92,52.03,6.022,5.805
spoof,731.90,56.16,5.987,5.681
spoof,732.37,50.39,5.749,5.633
spoof,698.43,45.12,5.523,5.490
spoof,511.11,43.73,5.506,5.491
spoof,564.14,41.94,5.458,5.437
spoof,360.20,46.95,6.257,5.864
spoof,345.47,44.86,6.122,5.867
spoof,302.18,42.67,6.082,5.919
spoof,290.42,43.03,5.754,5.732
spoof,316.90,43.81,5.742,5.749
spoof,455.08,47.82,5.954,5.787
spoof,269.76,42.89,5.823,5.784
spoof,239.05,36.57,5.467,5.676
spoof,754.27,48.39,5.771,5.649
spoof,636.60,48.20,5.757,5.634
spoof,745.22,45.91,5.755,5.674
spoof,735.38,46.79,5.704,5.611
spoof,143.22,31.47,5.559,5.649
spoof,206.16,33.79,5.598,5.721
spoof,219.90,33.64,5.511,5.489
spoof,104.60,19.10,4.969,5.327
spoof,202.24,27.47,5.173,5.435
spoof,233.15,33.94,5.571,5.700
spoof,186.54,31.02,5.688,5.719
spoof,224.20,33.27,5.810,5.746
spoof,159.78,28.80,5.675,5.654
spoof,180.56,29.27,5.612,5.681
spoof,124.70,24.71,5.288,5.475
spoof,140.92,26.96,5.283,5.420
spoof,68.11,22.24,5.123,5.354
spoof,68.69,23.39,5.138,5.366
spoof,149.60,30.62,5.489,5.588
spoof,166.08,30.49,5.274,5.481
spoof,169.43,28.26,5.203,5.422
spoof,230.51,34.32,5.595,5.643
spoof,253.86,35.23,5.831,5.712
spoof,725.83,46.84,5.705,5.512
spoof,391.66,40.65,5.770,5.717
spoof,293.08,36.16,5.689,5.749
spoof,199.20,39.09,5.950,5.801
spoof,276.57,39.12,5.962,5.669
spoof,219.40,36.76,5.646,5.612
spoof,221.13,36.92,5.736,5.758
spoof,229.17,44.39,5.823,5.683
spoof,242.99,45.23,5.910,5.683
spoof,332.16,49.82,6.215,5.819
spoof,303.59,48.11,6.114,5.845
spoof,303.23,47.99,6.224,5.835
